numberOfProcessors,generationTime,firstRound,secondRound,allRounds,equationCount,columnsPerNode,blockSize
3,3.074814,5928.230629,1.780442,5930.011071,6600,3300,21780000
6,3.088365,1854.354039,1.726392,1856.080431,6600,1320,8712000
9,3.083787,1134.248508,1.477027,1135.725535,6600,825,5445000
12,3.145686,759.339681,1.480778,760.820459,6600,600,3960000
16,3.191664,491.583190,4.188374,495.771564,6600,440,2904000
20,3.256679,353.385418,3.856981,357.242399,6600,347,2290200
24,3.336215,262.134939,1.828415,263.963354,6600,286,1887600
28,3.396512,214.908292,1.577182,216.485474,6600,244,1610400
32,3.458534,184.664163,1.984402,186.648566,6600,212,1399200