numberOfProcessors,generationTime,firstRound,secondRound,equationCount,columnsPerNode,blockSize
3,1.835456,2362.224537,0.727482,5122,2561,1317442
6,4.604794,3728.753531,1.841844,8100,1620,13122000
9,7.237327,4671.170348,2.532699,10248,1281,13127688
12,9.959927,5552.563185,5.525606,12012,1092,13117104
16,13.798145,6396.230225,5.275667,14025,935,13113375