numberOfProcessors,generationTime,firstRound,secondRound,allRounds,equationCount,columnsPerNode,blockSize
3,0.125951,32.296625,0.025311,32.321936,1320,660,871200
6,0.149680,8.651942,0.063337,8.715279,1320,264,348480
9,0.187291,5.068056,0.150797,5.218853,1320,165,217800
12,0.234652,3.511912,0.086808,3.598720,1320,120,158400
16,0.275419,2.649020,0.137787,2.786807,1320,88,116160
